model,threshold,weight,n_test,positive_rate,predicted_positive_rate,accuracy,balanced_accuracy,precision,recall,specificity,f1,roc_auc,pr_auc,tn,fp,fn,tp
Ensemble,0.08,1.0,528608,0.5857402839154913,0.7948271687148133,0.6956515981596949,0.6494903181345321,0.6770145090348255,0.9186828022104016,0.38029783405866263,0.7795483290146743,0.7761956153705845,0.8345919554326795,83278,135703,25178,284449
MLP,0.04,0.335960367431836,528608,0.5857402839154913,0.8122635298746897,0.682452781645378,0.6328110405916932,0.6650899342989364,0.9223000578114958,0.3433220233718907,0.7728566866397112,0.772156565956742,0.8326277959841024,75181,143800,24058,285569
LightGBM,0.1,0.3312427647739786,528608,0.5857402839154913,0.7794585023306495,0.7000858859495127,0.6567742209882543,0.6833491898608832,0.909348990882578,0.4041994510939305,0.7803146933091297,0.7693115252737976,0.8257323939584411,88512,130469,28068,281559
XGBoost,0.09,0.3327968677941855,528608,0.5857402839154913,0.7894261910527272,0.6951162297959925,0.6498929521767776,0.6778864933129162,0.9136154146763686,0.3861704896771866,0.7782931915853651,0.7647187831169099,0.8204137285263237,84564,134417,26747,282880
