model,split,threshold,accuracy,balanced_accuracy,precision,recall,specificity,f1,predicted_positive_rate,tn,fp,fn,tp,roc_auc,pr_auc,weight
mlp,test,0.54,0.7329087188824039,0.7295275413606381,0.7841524361955401,0.6193940112086861,0.8396610715125902,0.6921029564108694,0.38281981146522825,406888,77698,173449,282269,0.8202355861079561,0.8089215762861808,0.33247739701558165
xgboost,test,0.59,0.7390673654477701,0.7358781139954134,0.7876454211813095,0.6319961028530802,0.8397601251377464,0.7012880761645036,0.3888763633888615,406936,77650,167706,288012,0.8280030994362816,0.8206879540870764,0.3355926241446591
lightgbm,test,0.6,0.7365554118668005,0.73302397798447,0.7927400468384075,0.6179962169587333,0.8480517390102067,0.6945456249337223,0.3778182375061682,410954,73632,174086,281632,0.8275579951972674,0.8201315320730898,0.3319299788397593
ensemble,test,0.3,0.7212263268049481,0.7256957991167141,0.6611798284176591,0.8712778516538736,0.5801137465795545,0.7518267524800094,0.6386530313600708,281115,203471,58661,397057,0.82871825872129,0.8202943483281916,1.0
