model,threshold,weight,n_test,positive_rate,predicted_positive_rate,accuracy,balanced_accuracy,precision,recall,specificity,f1,roc_auc,pr_auc,tn,fp,fn,tp
Ensemble,0.08,1.0,165357,0.4775727668015264,0.6802614948263455,0.6432204261083595,0.6516109889300065,0.5887843820564337,0.8386729137647208,0.4645490640952921,0.6918560922614073,0.7723580609914271,0.7842388632526851,40131,46256,12740,66230
MLP,0.04,0.33245651147532945,165357,0.4775727668015264,0.7192740555283417,0.6339495757663721,0.6440748640769892,0.5775242355196448,0.869811320754717,0.4183384073992615,0.6941543250112426,0.7704984151972306,0.7798908655707659,36139,50248,10281,68689
LightGBM,0.09,0.3349842723911484,165357,0.4775727668015264,0.6862848261639967,0.6431115707227393,0.6517726320710471,0.5879258384589626,0.8448651386602507,0.45868012548184334,0.6933573046785692,0.7686782546324126,0.7786963069534953,39624,46763,12251,66719
XGBoost,0.09,0.3325592161335222,165357,0.4775727668015264,0.6778485337784309,0.6420411594308073,0.6503208946015608,0.588230570895822,0.8349119918956566,0.4657297973074652,0.690191932250585,0.7625524708445444,0.7707137267468323,40233,46154,13037,65933
