model,rule,split,threshold,accuracy,balanced_accuracy,precision,recall,specificity,f1,predicted_positive_rate
MLP,max_f1,validation,0.04,0.7045321279225659,0.6173591654217675,0.698639315534481,0.9402706182773556,0.29444771256617946,0.8016426133223924,0.8545936556265502
XGBoost,max_f1,validation,0.09,0.7192767535395636,0.6374487440950874,0.7108122276465384,0.9405610928781698,0.33433639531200504,0.8097046468620012,0.840217920941718
LightGBM,max_f1,validation,0.09,0.7199402066339804,0.6358212886614207,0.7092034932967257,0.9474197618108273,0.3242228155120141,0.8111843204216856,0.8482646985142505
Ensemble,max_f1,validation,0.08,0.7194336698316041,0.6355250320982566,0.7091166619561369,0.9463445722436344,0.32470549195287873,0.8107332147274354,0.8474057882841342
