model,rule,split,threshold,accuracy,balanced_accuracy,precision,recall,specificity,f1,predicted_positive_rate
MLP,max_f1,test,0.04,0.682452781645378,0.6328110405916932,0.6650899342989364,0.9223000578114958,0.3433220233718907,0.7728566866397112,0.8122635298746897
XGBoost,max_f1,test,0.09,0.6951162297959925,0.6498929521767776,0.6778864933129162,0.9136154146763686,0.3861704896771866,0.7782931915853651,0.7894261910527272
LightGBM,max_f1,test,0.1,0.7000858859495127,0.6567742209882543,0.6833491898608832,0.909348990882578,0.4041994510939305,0.7803146933091297,0.7794585023306495
Ensemble,max_f1,test,0.08,0.6956515981596949,0.6494903181345321,0.6770145090348255,0.9186828022104016,0.38029783405866263,0.7795483290146743,0.7948271687148133
