model,selection_split,rule,split,threshold,accuracy,balanced_accuracy,precision,recall,specificity,f1,predicted_positive_rate,tn,fp,fn,tp
mlp,validation,max_balanced_accuracy,validation,0.54,0.7552430643165243,0.7534534958668857,0.8144124204336166,0.7628226630181209,0.7440843287156504,0.7877738174459202,0.5577803409869156,400804,137850,188084,604926
xgboost,validation,max_balanced_accuracy,validation,0.59,0.7571534561270711,0.7541274006286948,0.8124268196623592,0.7699701138699386,0.7382846873874509,0.790628896695408,0.564382607023994,397680,140974,182416,610594
lightgbm,validation,max_balanced_accuracy,validation,0.6,0.7560142798784077,0.7547033376404831,0.8163897063495175,0.761566688944654,0.7478399863363123,0.7880258382389496,0.5555132525922455,402827,135827,189080,603930
ensemble,validation,manual_operating_point,validation,0.3,0.7564685986855543,0.7564879998351721,0.8206217781036917,0.7563864264006759,0.7565895732696685,0.7871958717697346,0.5488892092900312,407540,131114,193188,599822
